model,zero_shot,zero_shot_RAG,topline_path,topline_text,topline_all
mistral:7b,57.534246575342465,63.013698630136986,90.41095890410958,75.34246575342466,91.78082191780823
qwen2.5:7b,78.08219178082192,76.71232876712328,90.41095890410958,75.34246575342466,91.78082191780823
gemma2:9b,82.1917808219178,79.45205479452055,87.67123287671232,82.1917808219178,86.3013698630137
